name,types,rating,price_level,city,latitude,longitude,has_website
Teatro Boutique Hotel,'lodging',3.9,1.7818181818181817,Baku,40.4096019,49.86240189999999,True
Hotel Emerald Baku,'lodging',3.5,1.7818181818181817,Baku,40.4149926,49.924212,True
Altus Hotel,'gym',3.8,1.7818181818181817,Baku,40.4097949,49.86150609999999,True
Pizza Inn,'restaurant',4.0,2.0,Baku,40.3713206,49.8379924,True
Egoist Hotel and Restaurant,'lodging',3.7,1.7818181818181817,Baku,40.3838026,49.8409367,True
McDonald's Fountains Square,'restaurant',4.1,2.0,Baku,40.3717613,49.8377039,True
Bin Bir TadÄ±m DÃ¶ner,'restaurant',3.8,2.0,Baku,40.4037191,49.8716368,True
Tonqal RestoranÄ±,'restaurant',4.2,2.0,Baku,40.4016129,49.8468504,True
CÄ±dÄ±r Restoran,'restaurant',4.1,1.7818181818181817,Baku,40.40944470000001,49.8386635,True
ÅuÅŸa,'restaurant',4.2,2.0,Baku,40.3911814,49.85527200000001,True
Chili's,'restaurant',4.3,1.7818181818181817,Baku,40.3875756,49.84636009999999,True
Bella Pizza,'restaurant',4.4,1.7818181818181817,Baku,40.4092617,49.8670925,True
KÃ¼nefe Evi,'restaurant',3.9,1.7818181818181817,Baku,40.4092683,49.8671078,True
Buyukfirat,'restaurant',3.9,1.7818181818181817,Baku,40.4032302,49.8709251,True
Mado,'restaurant',4.1,2.0,Baku,40.4024455,49.8694304,True
New York Pizza BAKU,'meal_delivery',4.6,1.0,Baku,40.40508839999999,49.8594993,True
Villa Fresh Italian Kitchen,'store',3.5,1.7818181818181817,Baku,40.40346429999999,49.87329749999999,True
"""GÉ™nclik"" ÅŸadlÄ±q sarayÄ±",'restaurant',4.1,2.0,Baku,40.4022855,49.8613644,True
Domino's Pizza,'meal_delivery',4.1,2.0,Baku,40.4031941,49.8563121,True
NovBahar,'restaurant',4.4,1.7818181818181817,Baku,40.4027365,49.856742,True
Pizza Mizza NÉ™rimanov,'restaurant',4.2,1.7818181818181817,Baku,40.3976318,49.8697257,True
Garden Restaurant,'restaurant',2.9,1.7818181818181817,Baku,40.4173713,49.85557179999999,True
Elvet Steakhouse,'restaurant',4.1,3.0,Baku,40.3968149,49.87029709999999,True
Vinni Kafe Pizza,'restaurant',5.0,1.7818181818181817,Baku,40.3980006,49.8766597,True
Vapiano,'restaurant',4.1,1.7818181818181817,Baku,40.4001694,49.8530704,True
JUMA Restaurant & Sushi Bar,'meal_delivery',4.6,1.7818181818181817,Baku,40.4198424,49.8548945,True
Ã–zsÃ¼t Ganjlik Mall,'restaurant',4.0,1.7818181818181817,Baku,40.39975039999999,49.8521788,True
Papa John's GÉ™nclik,'meal_delivery',4.3,2.0,Baku,40.4021075,49.8497545,True
Rumya hotel & restaurant,'restaurant',4.6,1.7818181818181817,Baku,40.40688089999999,49.8866409,True
EMILAND / ROOMS,'restaurant',4.4,1.7818181818181817,Baku,40.41030809999999,49.846811,True
Gilavar,'restaurant',4.4,1.7818181818181817,Baku,40.39622449999999,49.8554786,True
Villa Italian Kitchen,'store',5.0,1.7818181818181817,Baku,40.4137072,49.8467784,True
McDonald's,'restaurant',4.2,2.0,Baku,40.3995954,49.8498496,True
"Ğ ĞµÑÑ‚Ğ¾Ñ€Ğ°Ğ½ ""Ğ§Ğ°Ğ½Ğ°ĞºĞºĞ°Ğ»Ğ°""",'restaurant',4.3,2.0,Baku,40.3932736,49.8560844,True
KÃ¼rÉ™ Pizza,'restaurant',4.5,1.7818181818181817,Baku,40.4185448,49.8448937,True
HÉ™yat ÅadlÄ±q sarayÄ±,'restaurant',4.3,2.0,Baku,40.41709710000001,49.8429208,True
Retro Åam RestoranÄ±,'restaurant',4.2,1.7818181818181817,Baku,40.4226489,49.8467071,True
High Boost,'restaurant',4.3,1.7818181818181817,Baku,40.38827819999999,49.8685417,True
"Ot Janny, ot JannÄ±, Janna, Ğ¾Ñ‚ Ğ–Ğ°Ğ½Ğ½Ñ‹, Ğ–Ğ°Ğ½Ğ½Ğ°",'restaurant',4.4,1.7818181818181817,Baku,40.4022778,49.8401478,True
Otdix,'restaurant',4.4,2.0,Baku,40.3822464,49.8622162,True
PetersHof Restoran,'restaurant',4.2,1.7818181818181817,Baku,40.3914793,49.85006600000001,True
COCO Lounge Baku,'restaurant',4.6,1.7818181818181817,Baku,40.396237,49.8430543,True
QoÃ§ Æt (AzadlÄ±q filialÄ±),'restaurant',4.2,1.7818181818181817,Baku,40.4172348,49.8392707,True
TROYA Pub & Restaurant,'restaurant',4.2,1.7818181818181817,Baku,40.4058835,49.83619239999999,True
ZoÄŸal Restaurant,'restaurant',4.3,4.0,Baku,40.3943315,49.84238149999999,True
"""Karona"" Ailevi Restoran",'restaurant',3.3,1.7818181818181817,Baku,40.4322623,49.8562977,True
Beerinci,'restaurant',4.300743494423792,1.7818181818181817,Baku,40.3926416,49.8429983,True
Restaurant Shah,'restaurant',4.6,2.0,Baku,40.3852952,49.87620889999999,True
"ĞšĞ°Ñ„Ğµ-Ğ ĞµÑÑ‚Ğ¾Ñ€Ğ°Ğ½ ""Qelebe 70""",'restaurant',3.9,1.7818181818181817,Baku,40.388529,49.84770839999999,True
Soloha,'restaurant',4.5,2.0,Baku,40.39067110000001,49.84369479999999,True
Yuka Kaiten Sushi,'restaurant',4.4,1.7818181818181817,Baku,40.3818142,49.8668147,True
Akhalil Arabian Restaurant,'restaurant',4.1,1.7818181818181817,Baku,40.3817128,49.86868,True
MÉ™tin ÅŸadlÄ±q sarayÄ±,'restaurant',4.2,2.0,Baku,40.4226451,49.8349376,True
Cafe Park Chinar,'restaurant',4.5,1.7818181818181817,Baku,40.4279782,49.83972869999999,True
Niaqara,'restaurant',4.2,2.0,Baku,40.4008564,49.83155939999999,True
Hollywood Platinium Cinema Club,'restaurant',4.3,1.7818181818181817,Baku,40.388389,49.84158009999999,True
Sultan Food (Tibb Universitet),'restaurant',4.2,1.7818181818181817,Baku,40.39608269999999,49.8338042,True
Salam Aleykum,'restaurant',4.0,2.0,Baku,40.3815409,49.8765173,True
Ocaq Chay Evi / Restoran,'restaurant',3.0,1.7818181818181817,Baku,40.3803095,49.859552,True
Sweet Diett,'restaurant',1.0,1.7818181818181817,Baku,40.38473169999999,49.84489489999999,True
Pit Stop,'cafe',5.0,1.7818181818181817,Baku,40.3892418,49.8760139,True
Narzan Cay Evi,'cafe',3.7,1.7818181818181817,Baku,40.4055065,49.8679318,True
New York Pizza BAKU,'meal_delivery',4.6,1.0,Baku,40.40508839999999,49.8594993,True
Region BookCoffe,'cafe',4.5,1.7818181818181817,Baku,40.4000004,49.8698337,True
Ã–zsÃ¼t Cafe & Restaurant,'cafe',4.1,2.0,Baku,40.40211489999999,49.85037560000001,True
Green Cafe,'cafe',4.5,2.0,Baku,40.3923029,49.8560109,True
Cayka,'cafe',4.300743494423792,1.7818181818181817,Baku,40.4323485,49.855884,True
@DÃ–NÆR,'cafe',2.3,1.7818181818181817,Baku,40.3968083,49.83408499999999,True
Baku Cafe,'restaurant',4.2,2.0,Baku,40.37619299999999,49.861214,True
Kafe Æziz QardaÅŸ,'cafe',4.4,1.7818181818181817,Baku,40.4365539,49.8406769,True
Starbucks PortBaku,'cafe',4.3,1.7818181818181817,Baku,40.3753324,49.8611474,True
Khamsa Tea House,'cafe',4.5,1.0,Baku,40.378236,49.847201,True
Coppola Cafe,'cafe',3.0,1.7818181818181817,Baku,40.38702070000001,49.8321857,True
Pi art Cafe,'cafe',4.8,1.7818181818181817,Baku,40.3797201,49.8429677,True
EntrÃ©e 1 (28 May),'cafe',4.5,1.7818181818181817,Baku,40.37741089999999,49.8474471,True
Sultan Food,'meal_delivery',3.9,1.7818181818181817,Baku,40.377292,49.847131,True
SARA Bistro,'cafe',4.3,1.7818181818181817,Baku,40.3756594,49.8407376,True
Jâ€™adore,'cafe',4.3,1.7818181818181817,Baku,40.3842697,49.82739359999999,True
W-coffee,'cafe',3.7,1.7818181818181817,Baku,40.38440180000001,49.8266043,True
Galleriya Cafe&Pub,'cafe',4.0,1.7818181818181817,Baku,40.37375949999999,49.8440079,True
90'lar Cafe,'cafe',4.7,1.0,Baku,40.3750355,49.839804,True
Symphony music Cafe,'cafe',4.300743494423792,1.7818181818181817,Baku,40.375162,49.8392488,True
Choco Cafe,'cafe',4.5,1.7818181818181817,Baku,40.37331409999999,49.8431684,True
ALBAN Musicbar & Cafe,'cafe',4.4,1.7818181818181817,Baku,40.3741982,49.8385347,True
Simit SarayÄ±,'cafe',4.1,2.0,Baku,40.3731938,49.840133,True
CafeCity Five,'cafe',4.5,2.0,Baku,40.3840635,49.8236926,True
Absheron Cafe & Lounge,'cafe',3.7,1.7818181818181817,Baku,40.37016,49.8478222,True
Old School,'cafe',4.5,2.0,Baku,40.3740014,49.8367157,True
EntrÃ©e 5 (Statistika),'cafe',4.4,1.7818181818181817,Baku,40.3826128,49.8239259,True
Kavalove Coffee Company,'cafe',4.2,1.7818181818181817,Baku,40.3725663,49.8383624,True
EntrÃ©e 2 (Torgovaya),'cafe',4.5,1.7818181818181817,Baku,40.37196910000001,49.8390243,True
Gazelli Cafe,'cafe',4.3,1.7818181818181817,Baku,40.37435159999999,49.8449295,True
Vom4.cafe,'restaurant',4.6,1.7818181818181817,Baku,40.4287097,49.91884529999999,True
Chocolatier,'cafe',4.5,1.0,Baku,40.3702652,49.8389078,True
Coffee Moffie,'cafe',4.5,1.7818181818181817,Baku,40.3717159,49.83533749999999,True
Demde Lounge,'cafe',4.300743494423792,1.7818181818181817,Baku,40.40926839999999,49.86710769999999,True
Gilevar Kafe,'cafe',4.300743494423792,1.7818181818181817,Baku,40.40926839999999,49.86710769999999,True
VF-Parts,'cafe',4.300743494423792,1.7818181818181817,Baku,40.40926839999999,49.86710769999999,True
La Vita,'cafe',4.300743494423792,1.7818181818181817,Baku,40.40926839999999,49.86710769999999,True
Blaze Karaoke,'cafe',3.0,1.7818181818181817,Baku,40.40926839999999,49.86710769999999,True
JB COFFEE POINT,'cafe',4.300743494423792,1.7818181818181817,Baku,40.40926839999999,49.8671078,True
GÃ¶rÃ¼ÅŸ kafesi,'cafe',4.300743494423792,1.7818181818181817,Baku,40.40926839999999,49.8671078,True
KudretoÄŸlu Antep Baklavasi,'cafe',5.0,1.7818181818181817,Baku,40.40926839999999,49.8671078,True
Cafe du monde,'cafe',4.300743494423792,1.7818181818181817,Baku,40.40926839999999,49.8671078,True
lokmazza,'cafe',5.0,1.7818181818181817,Baku,40.40926839999999,49.8671078,True
Cup of Joy,'cafe',4.300743494423792,1.7818181818181817,Baku,40.40926839999999,49.8671078,True
Alpini Coffee,'cafe',4.6,1.7818181818181817,Baku,40.4093885,49.8666253,True
Limon Ã§ay evi,'cafe',4.300743494423792,1.7818181818181817,Baku,40.4082244,49.8687968,True
"""Good food by ABAD"" NÉ™rimanov filiali",'cafe',5.0,1.7818181818181817,Baku,40.409138,49.8647577,True
Minera Tea Lounge,'cafe',4.8,1.7818181818181817,Baku,40.409138,49.8647577,True
011 VIP CLUB,'cafe',5.0,1.7818181818181817,Baku,40.4087234,49.8702166,True
Coffeechino,'cafe',5.0,1.7818181818181817,Baku,40.4088456,49.86375659999999,True
Oxford Sandwich & Coffee,'cafe',4.7,1.7818181818181817,Baku,40.40815679999999,49.8707242,True
Dr.Omar Bey,'cafe',4.300743494423792,1.7818181818181817,Baku,40.410555,49.87117889999999,True
Kiosk Coffee,'cafe',4.300743494423792,1.7818181818181817,Baku,40.4101669,49.8625479,True
Riviyera Cay Evi,'cafe',4.300743494423792,1.7818181818181817,Baku,40.4059989,49.8688867,True
Ã‡AYQARA PUB & Ã‡AY EVÄ°,'cafe',3.7,1.7818181818181817,Baku,40.4059867,49.8690167,True
TÃ¼naydÄ±n,'cafe',4.300743494423792,1.7818181818181817,Baku,40.40618789999999,49.8698442,True
Salam Baku Lounge,'cafe',4.0,1.7818181818181817,Baku,40.4055384,49.86725550000001,True
NÉ™nÉ™min TÉ™ndiri,'cafe',4.0,1.7818181818181817,Baku,40.4060779,49.8696728,True
Ottoman DÃ¶ner,'restaurant',3.9,1.7818181818181817,Ganja,40.681823,46.3586524,True
Furor Restaurant and Pub,'bar',4.3,1.7818181818181817,Ganja,40.684155,46.3623077,True
ZOLOTOY KAFE,'cafe',4.4,1.0,Ganja,40.679087,46.360358,True
Firdevs ÅŸirniyyat,'restaurant',4.3,1.7818181818181817,Ganja,40.6780107,46.3730443,True
KÃ¶hnÉ™ mÉ™hÉ™llÉ™,'restaurant',4.3,1.7818181818181817,Ganja,40.6823433,46.36129589999999,True
Sevimli Cafe,'restaurant',5.0,1.7818181818181817,Ganja,40.6823044,46.36152320000001,True
Blue Clouds Restaurant & Cafe,'restaurant',4.300743494423792,1.7818181818181817,Ganja,40.68200210000001,46.36122109999999,True
MEGA AKS,'meal_takeaway',5.0,1.7818181818181817,Ganja,40.6818525,46.3607946,True
KÃ¶fteci Ä°bo,'restaurant',4.300743494423792,1.7818181818181817,Ganja,40.68262929999999,46.3591095,True
Neptun Kafe,'restaurant',4.1,1.7818181818181817,Ganja,40.6825102,46.36216710000001,True
Lookantta,'restaurant',4.300743494423792,1.7818181818181817,Ganja,40.6817858,46.35975409999999,True
Qutab N1,'restaurant',5.0,1.7818181818181817,Ganja,40.6831857,46.3590898,True
Pizza N1,'restaurant',4.300743494423792,1.7818181818181817,Ganja,40.6832169,46.3590384,True
Sevimli Kafe,'restaurant',3.9,1.7818181818181817,Ganja,40.6818999,46.3618539,True
Fabella Cafe Lounge,'restaurant',5.0,1.7818181818181817,Ganja,40.6814765,46.3597979,True
Tantuni,'restaurant',5.0,1.7818181818181817,Ganja,40.68309289999999,46.36277019999999,True
OsmanlÄ± TÃ¼rk RestoranÄ±,'restaurant',4.5,1.7818181818181817,Ganja,40.68189929999999,46.35876379999999,True
Alaturka Kafe,'restaurant',4.3,1.7818181818181817,Ganja,40.68379669999999,46.3627381,True
Takeshi Sushi Bar,'restaurant',4.3,1.7818181818181817,Ganja,40.6838212,46.36274929999999,True
Pak Æt Doner Kabab Restoran GÉ™ncÉ™,'restaurant',4.7,1.7818181818181817,Ganja,40.6814987,46.358567,True
Afiyet olsun,'restaurant',4.3,1.7818181818181817,Ganja,40.6811811,46.3629591,True
Restoran Nostalji GÉ™ncÉ™,'restaurant',3.5,1.7818181818181817,Ganja,40.68270179999999,46.3574274,True
Chinar Restaurant,'restaurant',4.0,1.7818181818181817,Ganja,40.67991719999999,46.36091529999999,True
Leon Restoran,'restaurant',5.0,1.7818181818181817,Ganja,40.68581089999999,46.3615363,True
EpikÃ¼r BaÄŸÄ±,'restaurant',4.1,1.7818181818181817,Ganja,40.6793464,46.3605519,True
SKOBUCKS KVAS,'restaurant',4.300743494423792,1.7818181818181817,Ganja,40.6867968,46.3609587,True
Domino's Pizza GÉ™ncÉ™,'restaurant',4.5,2.0,Ganja,40.67878669999999,46.3602624,True
Shaurma N1 Gence,'restaurant',3.9,1.7818181818181817,Ganja,40.6784562,46.3592474,True
Wolt uÅŸaqlarÄ± Ã¼rekdi,'restaurant',5.0,1.7818181818181817,Ganja,40.67847,46.359155,True
Vego Cafe,'restaurant',3.6,1.7818181818181817,Ganja,40.6784396,46.3591035,True
Xach Cafe,'restaurant',4.300743494423792,1.7818181818181817,Ganja,40.6810451,46.35504239999999,True
tahiroglu.restoran,'restaurant',4.6,1.7818181818181817,Ganja,40.6784246,46.3573753,True
AÅŸxana Muzey Restoran,'restaurant',4.3,1.7818181818181817,Ganja,40.6794056,46.3655924,True
GÃ¶y sumkalÄ± banditlÉ™r,'restaurant',3.0,1.7818181818181817,Ganja,40.677686,46.3600315,True
Turk mutfagi,'restaurant',4.300743494423792,1.7818181818181817,Ganja,40.67761799999999,46.36047429999999,True
FÉ™ttah DÃ¶nÉ™r Evi,'restaurant',4.300743494423792,1.7818181818181817,Ganja,40.6783665,46.3642023,True
CiyÉ™rÃ§i (ciyerci gence),'restaurant',4.300743494423792,1.7818181818181817,Ganja,40.6796163,46.3549832,True
By Shadi,'restaurant',4.4,1.7818181818181817,Ganja,40.6774971,46.359806,True
Kemo GÃ¼lÃ¼ Åirniyyat Evi,'restaurant',5.0,1.7818181818181817,Ganja,40.67740529999999,46.3606426,True
LÆZIZ DONÆR,'restaurant',4.300743494423792,1.7818181818181817,Ganja,40.6785151,46.3562639,True
Kapadokya Restoran,'restaurant',4.2,1.7818181818181817,Ganja,40.6773138,46.36107819999999,True
GÉ™ncÉ™ SÃ¼frÉ™si,'restaurant',5.0,1.7818181818181817,Ganja,40.67842369999999,46.36502679999999,True
Sahil Doner,'restaurant',3.0,1.7818181818181817,Ganja,40.68082559999999,46.367472,True
Margarita Restoran Gence,'restaurant',4.300743494423792,1.7818181818181817,Ganja,40.67877569999999,46.3656733,True
3 Qazan Restaurant,'restaurant',2.7,1.7818181818181817,Ganja,40.6785801,46.3654144,True
DaslÄ± Qala Restoran by Sah SarayÄ±,'restaurant',4.3,1.7818181818181817,Ganja,40.6783375,46.3651406,True
KFC,'restaurant',4.3,2.0,Ganja,40.6771712,46.3598697,True
GÃ¼lÃ¼stan RestoranÄ±,'restaurant',4.300743494423792,1.7818181818181817,Ganja,40.6785687,46.35564849999999,True
McDonalds,'restaurant',4.6,2.0,Ganja,40.67697999999999,46.35968070000001,True
Boyun virin,'restaurant',5.0,1.7818181818181817,Ganja,40.6786743,46.35508309999999,True
Mangal 999,'restaurant',3.5,1.7818181818181817,Ganja,40.6777986,46.36500309999999,True
KÉ™tÉ™ â„–1 - DadlÄ± MÉ™tbÉ™xim,'restaurant',5.0,1.7818181818181817,Ganja,40.6765438,46.3603289,True
Nyam Nyam House,'restaurant',2.3,1.7818181818181817,Ganja,40.6798518,46.36799559999999,True
Diva Plaza,'restaurant',4.300743494423792,1.7818181818181817,Ganja,40.6791382,46.3536576,True
Alin's restoran,'restaurant',4.5,1.7818181818181817,Ganja,40.6759407,46.3599903,True
Restaurante Local,'restaurant',4.300743494423792,1.7818181818181817,Ganja,40.6798819,46.35232969999999,True
Turbo Doner Kebab Gence,'restaurant',4.300743494423792,1.7818181818181817,Ganja,40.68444099999999,46.3512515,True
Su idaresi kete,'restaurant',4.300743494423792,1.7818181818181817,Ganja,40.6873858,46.368182,True
Koz Tontuni NÂ°1,'restaurant',4.0,1.7818181818181817,Ganja,40.67915199999999,46.3690642,True
Åah ÅadlÄ±q SarayÄ±,'restaurant',4.2,1.7818181818181817,Ganja,40.6800182,46.3696917,True
Åah Vip klub,'cafe',4.7,1.7818181818181817,Ganja,40.68000000000001,46.3697222,True
ZOLOTOY KAFE,'cafe',4.4,1.0,Ganja,40.679087,46.360358,True
Kolorit,'cafe',4.2,2.0,Ganja,40.6734368,46.3613292,True
Badambura Åirniyyat Evi,'cafe',4.4,1.7818181818181817,Ganja,40.6857635,46.38666749999999,True
Alaturka Kafe,'restaurant',4.3,1.7818181818181817,Ganja,40.68379669999999,46.3627381,True
Darth CoffeeShop,'cafe',5.0,1.7818181818181817,Ganja,40.67866350000001,46.36016170000001,True
KOFEÄ°N,'cafe',4.300743494423792,1.7818181818181817,Ganja,40.6790365,46.3576998,True
Kazimin CaycÄ±sÄ±,'cafe',4.300743494423792,1.7818181818181817,Ganja,40.6786839,46.3583305,True
Xoyski Cafe,'cafe',4.9,1.7818181818181817,Ganja,40.6783013,46.3630746,True
Wolt Ã‡ayxana GÉ™ncÉ™,'cafe',4.300743494423792,1.7818181818181817,Ganja,40.6782466,46.36444369999999,True
SanCrema coffee & bakery,'cafe',5.0,1.7818181818181817,Ganja,40.6774175,46.36145389999999,True
KM club shisha,'cafe',4.300743494423792,1.7818181818181817,Ganja,40.67840879999999,46.3562444,True
Coffeemania Ganja Mall,'cafe',4.5,1.7818181818181817,Ganja,40.67717699999999,46.36007739999999,True
Bon cafe,'cafe',4.300743494423792,1.7818181818181817,Ganja,40.67854119999999,46.3556907,True
London Coffee Shop,'cafe',4.300743494423792,1.7818181818181817,Ganja,40.6771592,46.35974720000001,True
FaxÄ±Esi,'cafe',4.300743494423792,1.7818181818181817,Ganja,40.6771897,46.35917049999999,True
EliÅŸin Ã§ayÃ§Ä±sÄ±,'cafe',5.0,1.7818181818181817,Ganja,40.6777792,46.3649476,True
McCafe (Ganja Mall branch),'cafe',4.300743494423792,1.7818181818181817,Ganja,40.676807,46.35974940000001,True
Burbon Coffee Shop Xemse FilialÄ±,'cafe',4.300743494423792,1.7818181818181817,Ganja,40.6798407,46.3680233,True
Maqnoliya kafesi,'cafe',5.0,1.7818181818181817,Ganja,40.6768192,46.3543503,True
LalÉ™ Kafe,'cafe',5.0,1.7818181818181817,Ganja,40.67547669999999,46.3572988,True
Halal DÃ¶nÉ™r,'cafe',4.0,1.7818181818181817,Ganja,40.67476919999999,46.36043490000001,True
Cavadxan KÃ¼Ã§É™si Ã‡ayÃ§Ä±,'cafe',4.8,1.7818181818181817,Ganja,40.67465410000001,46.3600961,True
Kafe Bayraq,'cafe',4.300743494423792,1.7818181818181817,Ganja,40.6771557,46.3684457,True
Kebis cay evi,'cafe',4.300743494423792,1.7818181818181817,Ganja,40.67751639999999,46.36893420000001,True
London CoffeeShop,'cafe',4.7,1.7818181818181817,Ganja,40.6743135,46.3602861,True
KÃ¶vsÉ™r Ã§ay evi,'cafe',1.0,1.7818181818181817,Ganja,40.69030249999999,46.3660199,True
Park House Cafe,'cafe',4.1,2.0,Ganja,40.6747726,46.36538050000001,True
QaranÄ±n Ã§ayÃ§Ä±sÄ±,'cafe',4.300743494423792,1.7818181818181817,Ganja,40.6757037,46.35293669999999,True
Bal Coffee,'cafe',4.300743494423792,1.7818181818181817,Ganja,40.6806559,46.37269519999999,True
KO-LO-RÄ°T GÆNCÆ,'cafe',4.300743494423792,1.7818181818181817,Ganja,40.6731276,46.3606618,True
Orange Cup,'cafe',5.0,1.7818181818181817,Ganja,40.67311589999999,46.3600359,True
#Ğ§Ğ°Ğ¹Ñ…Ğ¾Ğ½Ğ° Dies,'cafe',3.7,1.7818181818181817,Ganja,40.6852464,46.34763539999999,True
Aqiloglu Doner,'cafe',4.300743494423792,1.7818181818181817,Ganja,40.687952,46.372358,True
Emilin Ã§ayxanasÄ±,'cafe',4.300743494423792,1.7818181818181817,Ganja,40.687952,46.372358,True
Skobucks,'cafe',4.300743494423792,1.7818181818181817,Ganja,40.687952,46.372358,True
Fega Club 7/24,'cafe',4.300743494423792,1.7818181818181817,Ganja,40.687952,46.372358,True
VÃ¼qar kafe,'cafe',4.300743494423792,1.7818181818181817,Ganja,40.68795,46.3723626,True
DÃ¶ner xana,'cafe',4.300743494423792,1.7818181818181817,Ganja,40.68795,46.3723626,True
ÅAHÄ°N MARKET,'cafe',4.300743494423792,1.7818181818181817,Ganja,40.68795,46.3723626,True
LavaÅŸ Da,'cafe',4.300743494423792,1.7818181818181817,Ganja,40.68795,46.3723626,True
Mehseti baÄŸi,'cafe',4.3,1.7818181818181817,Ganja,40.6724874,46.36038699999999,True
Bizz Time cafe,'night_club',5.0,1.7818181818181817,Ganja,40.6933726,46.36037049999999,True
Ã‡ebureÃ§naya,'cafe',4.4,1.7818181818181817,Ganja,40.67484959999999,46.3513684,True
SanCrema Coffee and Bakery,'cafe',4.9,1.7818181818181817,Ganja,40.6723125,46.35803139999999,True
Alfa lounge,'cafe',4.300743494423792,1.7818181818181817,Ganja,40.69355789999999,46.3603527,True
Mamedin Ã§ayxanasÄ±,'cafe',4.300743494423792,1.7818181818181817,Ganja,40.6876212,46.37334789999999,True
Araz Kafe,'cafe',4.300743494423792,1.7818181818181817,Ganja,40.6879986,46.3733359,True
Alburg Kafe,'restaurant',4.3,1.7818181818181817,Ganja,40.67690079999999,46.3729357,True
Kamal Ustanin sirniyyatlari,'cafe',4.300743494423792,1.7818181818181817,Ganja,40.671955,46.35640529999999,True
Kucali CoffeeShop,'cafe',4.8,1.7818181818181817,Ganja,40.6710901,46.3608476,True
RÆVAN DESSERT,'cafe',4.300743494423792,1.7818181818181817,Ganja,40.6745543,46.37265309999999,True
Fincan Coffeehouse,'cafe',5.0,1.7818181818181817,Ganja,40.6704059,46.3622919,True
Qocalar kafe,'cafe',4.300743494423792,1.7818181818181817,Ganja,40.6703374,46.3649284,True
CafÃ© Opera,'cafe',4.9,1.7818181818181817,Ganja,40.6956435,46.36517709999999,True
Nika Kafe vÉ™ Åirniyyat Evi,'cafe',5.0,1.7818181818181817,Ganja,40.6691808,46.36406849999999,True
Samovar lounge,'cafe',3.8,1.7818181818181817,Ganja,40.66911880000001,46.3643145,True
Tantuni,'cafe',4.300743494423792,1.7818181818181817,Ganja,40.6804137,46.37880419999999,True
KAFE 1,'cafe',5.0,1.7818181818181817,Ganja,40.6909465,46.3761401,True
MeyvÉ™li Dad,'cafe',5.0,1.7818181818181817,Ganja,40.6688455,46.3655384,True
Bibar Pizza,'restaurant',4.1,1.7818181818181817,Sumqayit,40.5909079,49.67498310000001,True
Tunel club,'restaurant',4.5,1.7818181818181817,Sumqayit,40.5856615,49.6711635,True
Turan Restaurant,'restaurant',4.0,2.0,Sumqayit,40.5948296,49.6784083,True
Zafaran Lounge,'restaurant',3.6,1.7818181818181817,Sumqayit,40.5794548,49.68212810000001,True
SEVGÄ° Terrace,'restaurant',4.300743494423792,1.7818181818181817,Sumqayit,40.5854765,49.63174109999999,True
DÃ¶ner box,'restaurant',4.300743494423792,1.7818181818181817,Sumqayit,40.5854765,49.63174109999999,True
Samovar,'restaurant',4.300743494423792,1.7818181818181817,Sumqayit,40.5854765,49.63174109999999,True
MÃ¼bariz sÌ§adlÄ±q sarayÄ±,'restaurant',4.5,1.7818181818181817,Sumqayit,40.5854765,49.63174109999999,True
MÉ™hÉ™llÉ™ Ã‡ay Evi,'restaurant',5.0,1.7818181818181817,Sumqayit,40.5854765,49.63174109999999,True
Ã‡iraq,'restaurant',4.8,1.7818181818181817,Sumqayit,40.5854765,49.63174109999999,True
Murad_banket_zali,'restaurant',4.300743494423792,1.7818181818181817,Sumqayit,40.5854765,49.63174109999999,True
Xan BaÄŸÄ±,'restaurant',5.0,1.7818181818181817,Sumqayit,40.5854765,49.63174109999999,True
26 lounge,'restaurant',4.300743494423792,1.7818181818181817,Sumqayit,40.5854765,49.63174109999999,True
Baki Restorani,'restaurant',3.5,1.7818181818181817,Sumqayit,40.5854765,49.63174109999999,True
AilÉ™m qutab evi,'restaurant',5.0,1.7818181818181817,Sumqayit,40.5855138,49.6317475,True
BÉ™y SÃ¼frÉ™si,'restaurant',5.0,1.7818181818181817,Sumqayit,40.5919024,49.64429549999999,True
QUBADLI RESTORANI,'restaurant',4.300743494423792,1.7818181818181817,Sumqayit,40.57320420000001,49.6306824,True
BayatÄ± 96,'restaurant',4.7,1.7818181818181817,Sumqayit,40.5725852,49.6299142,True
Pizza Mizza SumqayÄ±t,'restaurant',4.5,1.7818181818181817,Sumqayit,40.5741711,49.64157059999999,True
McDonalds,'restaurant',4.3,1.7818181818181817,Sumqayit,40.5731425,49.63983349999999,True
NaxÄ±ÅŸ restoranÄ±,'restaurant',4.3,1.7818181818181817,Sumqayit,40.58421829999999,49.65049699999999,True
Ocaq restoran,'restaurant',5.0,1.7818181818181817,Sumqayit,40.5777926,49.6511927,True
YaÅŸÄ±l MÉ™kan,'restaurant',4.3,1.7818181818181817,Sumqayit,40.59862039999999,49.6456138,True
Kafe MÉ™hÉ™llÉ™,'restaurant',5.0,1.7818181818181817,Sumqayit,40.5937559,49.6523982,True
XAN Ã‡Ä°NAR RESTORAN,'restaurant',5.0,1.7818181818181817,Sumqayit,40.5814658,49.65815229999999,True
Mamed servis,'meal_takeaway',4.300743494423792,1.7818181818181817,Sumqayit,40.5918125,49.6592344,True
Tut BaÄŸÄ±,'restaurant',4.4,1.7818181818181817,Sumqayit,40.592775,49.6593274,True
Beki mehmet,'restaurant',1.0,1.7818181818181817,Sumqayit,40.60686189999999,49.64152379999999,True
Eyvazxana,'restaurant',5.0,1.7818181818181817,Sumqayit,40.5916216,49.6605178,True
ÅamlÄ±q Restoran,'restaurant',4.8,1.7818181818181817,Sumqayit,40.6052898,49.6473334,True
Pizza Bruno,'restaurant',3.3,1.7818181818181817,Sumqayit,40.58414829999999,49.6623828,True
Suitable location (McDonalds),'restaurant',4.0,1.7818181818181817,Sumqayit,40.5886825,49.6621983,True
Sadiq Restoran,'restaurant',5.0,1.7818181818181817,Sumqayit,40.59241979999999,49.66189919999999,True
Buxara Restoran,'restaurant',5.0,1.7818181818181817,Sumqayit,40.59230189999999,49.66200250000001,True
DONERITTO,'restaurant',4.300743494423792,1.7818181818181817,Sumqayit,40.5845747,49.6632966,True
Åam baÄŸlarÄ±,'restaurant',5.0,1.7818181818181817,Sumqayit,40.6060638,49.6478958,True
AYDIN KAFE,'restaurant',5.0,1.7818181818181817,Sumqayit,40.5972842,49.6592393,True
MÉ™rasim Evi (DÉ™dÉ™ Qorqudun YanÄ±),'restaurant',4.300743494423792,1.7818181818181817,Sumqayit,40.5835565,49.6636671,True
DÉ™dÉ™ Qorqud RestoranÄ±,'restaurant',3.8,2.0,Sumqayit,40.58472280000001,49.6640444,True
Natavan Kafe,'restaurant',4.4,1.7818181818181817,Sumqayit,40.586227,49.66427600000001,True
Chef Muslim,'restaurant',4.3,1.7818181818181817,Sumqayit,40.584904,49.664509,True
"KFC ""SumqayÄ±t Plaza""",'restaurant',4.7,1.7818181818181817,Sumqayit,40.5855902,49.6647903,True
GoyÉ™zÉ™n kafe,'restaurant',4.300743494423792,1.7818181818181817,Sumqayit,40.58701809999999,49.665136,True
Sky Lounge Bar,'restaurant',5.0,1.7818181818181817,Sumqayit,40.5854759,49.6658456,True
Mirvari Restaurant,'restaurant',4.2,1.7818181818181817,Sumqayit,40.5854683,49.6658492,True
SONATA,'restaurant',5.0,1.7818181818181817,Sumqayit,40.5875511,49.66579530000001,True
NanÉ™ Pizza,'restaurant',1.0,1.7818181818181817,Sumqayit,40.5964335,49.662855,True
Doner,'restaurant',4.300743494423792,1.7818181818181817,Sumqayit,40.5876083,49.66606839999999,True
Magnat Pub & Restaurant,'bar',4.3,1.7818181818181817,Sumqayit,40.5943867,49.66420919999999,True
Arena Lounge SumqayÄ±t,'restaurant',5.0,1.7818181818181817,Sumqayit,40.595275,49.6638197,True
Delfino Sushi,'restaurant',4.5,1.7818181818181817,Sumqayit,40.59581849999999,49.6635763,True
OsmanlÄ± Restoran,'restaurant',5.0,1.7818181818181817,Sumqayit,40.5969246,49.6630301,True
DÃ¶nÉ™r Box,'restaurant',5.0,1.7818181818181817,Sumqayit,40.5969246,49.6630301,True
Ovcu,'restaurant',4.6,1.7818181818181817,Sumqayit,40.5969091,49.663051,True
BeefRoll Azerbaijan,'restaurant',5.0,1.7818181818181817,Sumqayit,40.5951464,49.66428639999999,True
Zeyd Kafe,'restaurant',5.0,1.7818181818181817,Sumqayit,40.5899945,49.6662652,True
Doner 12 mertebe,'restaurant',5.0,1.7818181818181817,Sumqayit,40.5850083,49.666845,True
Bokluu dere,'restaurant',4.300743494423792,1.7818181818181817,Sumqayit,40.5628879,49.6130495,True
Yasin Dayinin Kafesi,'restaurant',5.0,1.7818181818181817,Sumqayit,40.595224,49.6649505,True
Yakuza Sushi,'restaurant',4.5,1.7818181818181817,Sumqayit,40.5924014,49.6663423,True
London Coffee House,'cafe',4.3,1.7818181818181817,Sumqayit,40.59543619999999,49.671063,True
ART cafe & Lounge,'cafe',4.4,1.7818181818181817,Sumqayit,40.5804479,49.6813581,True
Olive,'cafe',4.8,1.7818181818181817,Sumqayit,40.589445,49.6867021,True
KAFE KLEOPATRA,'cafe',4.300743494423792,1.7818181818181817,Sumqayit,40.5854765,49.63174109999999,True
Dream day,'cafe',4.0,1.7818181818181817,Sumqayit,40.5743393,49.6418098,True
McCafe (Sulh St branch),'cafe',4.300743494423792,1.7818181818181817,Sumqayit,40.57329149999999,49.639964,True
Kafe 019,'cafe',5.0,1.7818181818181817,Sumqayit,40.5934856,49.6493682,True
GÃ¶bÉ™lÉ™k kafe,'cafe',3.0,1.7818181818181817,Sumqayit,40.59936369999999,49.645582,True
Bayraktar Kafe,'cafe',5.0,1.7818181818181817,Sumqayit,40.5968035,49.6494715,True
ÆkbÉ™r Ã‡ay Evi,'cafe',4.300743494423792,1.7818181818181817,Sumqayit,40.6047984,49.6399392,True
XaÅŸ,'cafe',4.300743494423792,1.7818181818181817,Sumqayit,40.5913006,49.66065529999999,True
44 GÃ¼n,'cafe',5.0,1.7818181818181817,Sumqayit,40.58612099999999,49.66218799999999,True
IST Food Sumgait,'cafe',4.300743494423792,1.7818181818181817,Sumqayit,40.5841617,49.6623847,True
Cume 13,'cafe',5.0,1.7818181818181817,Sumqayit,40.5924362,49.6621164,True
Kafe,'cafe',5.0,1.7818181818181817,Sumqayit,40.6100509,49.6365111,True
Halal SÃ¼frÉ™,'cafe',5.0,1.7818181818181817,Sumqayit,40.5933113,49.6631665,True
BÉ™rgÃ¼ÅŸad kafe SumqayÄ±t,'cafe',4.1,1.7818181818181817,Sumqayit,40.5606204,49.63643769999999,True
Yelmarin kioÅŸku ortaliq,'cafe',4.300743494423792,1.7818181818181817,Sumqayit,40.5851332,49.6668884,True
QÉ™rb Ã§ay evi,'cafe',4.300743494423792,1.7818181818181817,Sumqayit,40.5953106,49.6649457,True
Fratella,'cafe',4.300743494423792,1.7818181818181817,Sumqayit,40.59106250000001,49.6668125,True
Retro Kafe,'cafe',4.300743494423792,1.7818181818181817,Sumqayit,40.579615,49.6667496,True
Tovuz Kafesi,'cafe',4.300743494423792,1.7818181818181817,Sumqayit,40.579581,49.666757,True
Fabella Express Sulh Street,'cafe',4.300743494423792,1.7818181818181817,Sumqayit,40.5857387,49.66772,True
Alfa Ã§ay evi,'cafe',5.0,1.7818181818181817,Sumqayit,40.586206,49.6677696,True
The Cozy Cup,'cafe',5.0,1.7818181818181817,Sumqayit,40.5914286,49.66699149999999,True
Tek Tut,'cafe',5.0,1.7818181818181817,Sumqayit,40.5789715,49.6670041,True
Cafe Brown,'cafe',5.0,1.7818181818181817,Sumqayit,40.5894712,49.6680056,True
Iki qardas cay evi,'cafe',4.300743494423792,1.7818181818181817,Sumqayit,40.5859111,49.66860449999999,True
Ali's Magic Coffee,'cafe',5.0,1.7818181818181817,Sumqayit,40.589661,49.6682037,True
Cupaway,'cafe',5.0,1.7818181818181817,Sumqayit,40.5871875,49.6689375,True
COFFEELIER,'cafe',4.0,1.7818181818181817,Sumqayit,40.59507120000001,49.6669115,True
Ã‡aykovski old but gold,'cafe',4.4,1.7818181818181817,Sumqayit,40.5880465,49.6689672,True
Raufun kofesi,'cafe',5.0,1.7818181818181817,Sumqayit,40.60014210000001,49.6644274,True
Coffee Nations,'cafe',4.300743494423792,1.7818181818181817,Sumqayit,40.5952484,49.6679712,True
Colors & Cafe,'cafe',3.7,1.7818181818181817,Sumqayit,40.58725829999999,49.67012750000001,True
Belgian Chocolate and Coffee,'cafe',4.0,1.7818181818181817,Sumqayit,40.5955221,49.6681416,True
Mandarin Cake House,'cafe',4.300743494423792,1.7818181818181817,Sumqayit,40.5835062,49.67138550000001,True
Adel Anti Cafe,'cafe',4.300743494423792,1.7818181818181817,Sumqayit,40.5917206,49.6711624,True
KiÅŸmiÅŸ lounge,'cafe',5.0,1.7818181818181817,Sumqayit,40.5916086,49.67125239999999,True
Pinocchio Book Cafe,'cafe',5.0,1.7818181818181817,Sumqayit,40.59557259999999,49.6704734,True
DOLMA KAFE,'cafe',5.0,1.7818181818181817,Sumqayit,40.58925659999999,49.6726556,True
Tropicalcoffeeteria,'cafe',4.7,1.7818181818181817,Sumqayit,40.59503489999999,49.6714037,True
XÉ™ngÉ™l xana - hÉ™r gÃ¼n xÉ™nglÉ™ var burda,'cafe',5.0,1.7818181818181817,Sumqayit,40.5787934,49.6724117,True
CafÃ©phile,'cafe',5.0,1.7818181818181817,Sumqayit,40.592941,49.6731168,True
Alfa Tea House,'cafe',3.0,1.7818181818181817,Sumqayit,40.5713485,49.6700871,True
FS Sirniyyat Evi,'cafe',5.0,1.7818181818181817,Sumqayit,40.57859080000001,49.6734515,True
Coffeechy,'cafe',4.6,1.7818181818181817,Sumqayit,40.5964555,49.6719538,True
CoffeeMaia,'cafe',5.0,1.7818181818181817,Sumqayit,40.5832652,49.67448520000001,True
Hello Coffee,'cafe',4.300743494423792,1.7818181818181817,Sumqayit,40.5893307,49.674386,True
Ã‡ayxana,'cafe',4.300743494423792,1.7818181818181817,Sumqayit,40.5661359,49.6664229,True
Coffee Inn,'cafe',5.0,1.7818181818181817,Sumqayit,40.5966909,49.6726445,True
KÃ–Z DÃ–NÆR. DÃ–NÆR EVÄ°.,'cafe',1.5,1.7818181818181817,Sumqayit,40.5834457,49.6753827,True
DÉ™f Kafe,'cafe',5.0,1.7818181818181817,Sumqayit,40.5823031,49.6755735,True
Fabella cafe,'cafe',5.0,1.7818181818181817,Sumqayit,40.5910794,49.67530469999999,True
Eynarin korpusu,'cafe',4.300743494423792,1.7818181818181817,Sumqayit,40.5559535,49.6102748,True
LAYNER KAFE,'cafe',5.0,1.7818181818181817,Sumqayit,40.5519484,49.6370633,True
Halal kafeshka / Sumqayit,'cafe',4.300743494423792,1.7818181818181817,Sumqayit,40.5884398,49.6763711,True
Fly Club,'cafe',4.300743494423792,1.7818181818181817,Sumqayit,40.5976981,49.6735925,True
wolt partner kiosk,'cafe',4.300743494423792,1.7818181818181817,Sumqayit,40.5884961,49.6764204,True
Sumgait Gallery Restaurant & Yasil Cay,'cafe',4.4,1.7818181818181817,Sumqayit,40.582729,49.6766003,True
QÃ¼llÓ™ RestoranÄ±,'restaurant',4.2,1.7818181818181817,Mingachevir,40.7613334,47.0383126,True
Ærikli,'restaurant',4.300743494423792,1.7818181818181817,Mingachevir,40.7702563,47.04960149999999,True
Miraj,'restaurant',4.300743494423792,1.7818181818181817,Mingachevir,40.7702563,47.04960149999999,True
ZÉ™rdab,'restaurant',4.300743494423792,1.7818181818181817,Mingachevir,40.7702563,47.04960149999999,True
Harmoniya,'bar',5.0,1.7818181818181817,Mingachevir,40.7682818,47.0456855,True
MingÉ™Ã§evir,'restaurant',5.0,1.7818181818181817,Mingachevir,40.7700027,47.0522131,True
OsmanlÄ±,'restaurant',4.300743494423792,1.7818181818181817,Mingachevir,40.76818839999999,47.04559709999999,True
Italliano Pizza,'restaurant',5.0,1.7818181818181817,Mingachevir,40.7706455,47.0447618,True
Hollywood Club,'restaurant',4.3,1.7818181818181817,Mingachevir,40.7719966,47.0456655,True
Ps Pub,'restaurant',4.300743494423792,1.7818181818181817,Mingachevir,40.76860430000001,47.05284679999999,True
Pizza Mania,'restaurant',5.0,1.7818181818181817,Mingachevir,40.7734456,47.0478535,True
Qizartma,'restaurant',4.2,1.7818181818181817,Mingachevir,40.7720825,47.04476729999999,True
Nur qalasÄ±,'restaurant',5.0,1.7818181818181817,Mingachevir,40.76845409999999,47.0531,True
NZS,'restaurant',4.300743494423792,1.7818181818181817,Mingachevir,40.7726175,47.0452867,True
Beer House Pub,'restaurant',5.0,1.7818181818181817,Mingachevir,40.7713121,47.043961,True
Hasil,'restaurant',4.4,1.7818181818181817,Mingachevir,40.7725875,47.04475519999999,True
Samir ve Umudun evi,'restaurant',4.300743494423792,1.7818181818181817,Mingachevir,40.76587170000001,47.04831549999999,True
Milli XÃ¶rÉ™klÉ™r Kafe PÉ™rviz,'restaurant',5.0,1.7818181818181817,Mingachevir,40.7731107,47.05245419999999,True
Al Kababi,'restaurant',4.0,1.7818181818181817,Mingachevir,40.77491029999999,47.0499277,True
AÄŸamÉ™mmÉ™d-Kiloluq Æt,'restaurant',2.3,1.7818181818181817,Mingachevir,40.7736266,47.0533387,True
Bizim Kafe (Fedinin yeri),'bar',5.0,1.7818181818181817,Mingachevir,40.7742172,47.04371309999999,True
Maisin kafesi,'restaurant',4.300743494423792,1.7818181818181817,Mingachevir,40.7740499,47.0430633,True
Ãœz bÉ™ Ã¼z,'restaurant',4.2,1.7818181818181817,Mingachevir,40.77106789999999,47.0403973,True
Qediroglu restorani,'restaurant',4.2,1.7818181818181817,Mingachevir,40.7693489,47.0570611,True
MR Street Food,'restaurant',4.2,1.7818181818181817,Mingachevir,40.76463059999999,47.05397139999999,True
Qala restoran,'restaurant',5.0,1.7818181818181817,Mingachevir,40.7680058,47.04013020000001,True
Food City MingÉ™Ã§evir,'restaurant',2.0,1.7818181818181817,Mingachevir,40.7631796,47.0489976,True
Antalya kafe (Xengelxana),'restaurant',5.0,1.7818181818181817,Mingachevir,40.77343239999999,47.0408713,True
Dost qapÄ±sÄ±,'restaurant',5.0,1.7818181818181817,Mingachevir,40.7731268,47.040631,True
Teze Yurd Restoran,'restaurant',4.6,1.7818181818181817,Mingachevir,40.77236489999999,47.0400198,True
É™sma restoran,'restaurant',4.300743494423792,1.7818181818181817,Mingachevir,40.76701850000001,47.05699609999999,True
Ä°spanaq,'restaurant',3.7,1.7818181818181817,Mingachevir,40.76600570000001,47.0563466,True
ZÉ™minÉ™ NÉ™nÉ™nin Ã§ayÃ§Ä±sÄ±,'restaurant',4.300743494423792,1.7818181818181817,Mingachevir,40.77095969999999,47.0393968,True
SuÅŸhi kobra,'restaurant',5.0,1.7818181818181817,Mingachevir,40.76790059999999,47.0393949,True
Genclik Playstation Kafe,'restaurant',3.7,1.7818181818181817,Mingachevir,40.7679317,47.03918729999999,True
Ish Fish,'restaurant',4.2,1.7818181818181817,Mingachevir,40.7657436,47.0574822,True
Kamilin Baliq evi,'restaurant',4.5,1.7818181818181817,Mingachevir,40.7657396,47.05753,True
Elit,'restaurant',3.9,1.7818181818181817,Mingachevir,40.7676069,47.0384956,True
Gilavar Restoran,'restaurant',2.6,1.7818181818181817,Mingachevir,40.7676975,47.0384571,True
Ay Isigi,'restaurant',4.2,1.0,Mingachevir,40.7707954,47.0381072,True
QÉ™diroÄŸlu Sahil Restoran,'restaurant',4.300743494423792,1.7818181818181817,Mingachevir,40.7671334,47.03852,True
Fish Cafe,'restaurant',4.0,1.7818181818181817,Mingachevir,40.7662265,47.05820079999999,True
Ä°nci Restoran,'restaurant',3.8,1.7818181818181817,Mingachevir,40.7662822,47.038282,True
Federal MingÉ™Ã§evir,'restaurant',5.0,1.7818181818181817,Mingachevir,40.761213,47.0459843,True
DÃ¶nÉ™rÃ§i,'restaurant',4.300743494423792,1.7818181818181817,Mingachevir,40.7636103,47.05704189999999,True
Ãœmid KababÃ§Ä±,'restaurant',3.7,1.7818181818181817,Mingachevir,40.760342,47.0475608,True
ÅuÅŸa Restoran,'restaurant',4.3,1.7818181818181817,Mingachevir,40.77089899999999,47.06159129999999,True
OSMANBÆYLÄ° RESTORAN,'restaurant',3.7,1.7818181818181817,Mingachevir,40.7608014,47.0543937,True
RamininDoneri,'restaurant',5.0,1.7818181818181817,Mingachevir,40.7651763,47.0615714,True
Rivermania Restaurant,'restaurant',3.3,1.7818181818181817,Mingachevir,40.7648634,47.0354549,True
Mingecevir Ã‡inar RestoranÄ±,'restaurant',3.9,1.7818181818181817,Mingachevir,40.7713007,47.03342929999999,True
Ana KÃ¼r ÅŸadlÄ±q sarayÄ±,'restaurant',3.5,1.7818181818181817,Mingachevir,40.7719923,47.03315839999999,True
FÉ™xri,'restaurant',4.2,1.7818181818181817,Mingachevir,40.7709036,47.03279529999999,True
DINI qÉ™lyanxana,'restaurant',4.300743494423792,1.7818181818181817,Mingachevir,40.7600166,47.05788260000001,True
Xan Bagi,'restaurant',4.300743494423792,1.7818181818181817,Mingachevir,40.770838,47.0326274,True
Khan garden,'restaurant',4.300743494423792,1.7818181818181817,Mingachevir,40.770838,47.0326274,True
045 MANQAL DÃ–NER,'restaurant',5.0,1.7818181818181817,Mingachevir,40.76171610000001,47.0605739,True
Ä°lÄŸÄ±m,'restaurant',5.0,1.7818181818181817,Mingachevir,40.7631514,47.03507740000001,True
Elvin Banket Zali,'restaurant',5.0,1.7818181818181817,Mingachevir,40.7588738,47.0568436,True
KÉ™rpic kafe,'restaurant',4.300743494423792,1.7818181818181817,Mingachevir,40.75949809999999,47.0589746,True
Ilkin cay evi,'cafe',4.300743494423792,1.7818181818181817,Mingachevir,40.7702563,47.04960149999999,True
Bizim Chay Evi,'cafe',1.0,1.7818181818181817,Mingachevir,40.7702563,47.04960149999999,True
Mingopark,'cafe',3.8,2.0,Mingachevir,40.77155030000001,47.0464816,True
Cheff Coffee,'cafe',5.0,1.7818181818181817,Mingachevir,40.7724456,47.0473063,True
Green Tea House,'cafe',1.0,1.7818181818181817,Mingachevir,40.7675249,47.04666999999999,True
Hemidov Playstation,'cafe',4.300743494423792,1.7818181818181817,Mingachevir,40.7731034,47.04763790000001,True
Coffee Rivermania,'cafe',4.7,1.7818181818181817,Mingachevir,40.7671758,47.0458633,True
Qizartma,'restaurant',4.2,1.7818181818181817,Mingachevir,40.7720825,47.04476729999999,True
QarabaÄŸ Ã§ayxana,'cafe',4.300743494423792,1.7818181818181817,Mingachevir,40.772909,47.0450848,True
AskanÄ±n yeri,'cafe',4.300743494423792,1.7818181818181817,Mingachevir,40.773937,47.0481408,True
Ã‡aykovskiy Ã‡ay evi,'cafe',5.0,1.7818181818181817,Mingachevir,40.7646711,47.05201919999999,True
Baba kafe,'cafe',5.0,1.7818181818181817,Mingachevir,40.7717923,47.039423,True
KAFE LIMAN,'cafe',2.9,1.7818181818181817,Mingachevir,40.7666961,47.038281,True
QÉ™lÉ™bÉ™ kafesi,'cafe',4.300743494423792,1.7818181818181817,Mingachevir,40.760922,47.05993790000001,True
Kafe Qala,'cafe',3.9,1.7818181818181817,Mingachevir,40.7601411,47.05933909999999,True
Bizim Chay Evi,'cafe',2.5,1.7818181818181817,Mingachevir,40.7597999,47.059033,True
HAPPY CAFE,'cafe',1.8,1.7818181818181817,Mingachevir,40.7566632,47.04747139999999,True
Ulvi Club Cafe,'cafe',5.0,1.7818181818181817,Mingachevir,40.7623907,47.064378,True
Ã‡ardaÄŸ Ã‡ay Evi,'cafe',4.2,1.7818181818181817,Mingachevir,40.7708478,47.0134093,True
Emioglu kafesi,'cafe',2.7,1.7818181818181817,Mingachevir,40.7539522,47.08406099999999,True
ÆsgÉ™r AilÉ™vi Restoran,'restaurant',4.5,1.7818181818181817,Mingachevir,40.7679605,47.001435,True
Yas-Toy Ã‡ayÃ§Ä±sÄ± QismÉ™t,'cafe',4.300743494423792,1.7818181818181817,Mingachevir,40.7694042,46.9983114,True
OYUNCU.AZ,'cafe',4.3,1.7818181818181817,Mingachevir,40.7699542,46.9951662,True
BalÄ±q Evi ğŸ»,'cafe',5.0,1.7818181818181817,Mingachevir,40.7503946,47.0982183,True
Sheki Palace Hotel,'lodging',4.1,1.7818181818181817,Shaki,41.2004218,47.19525559999999,True
Motel Sema,'restaurant',4.4,1.7818181818181817,Shaki,41.1932384,47.1632274,True
Elit Restoran & Pub,'restaurant',4.3,1.7818181818181817,Shaki,41.19172639999999,47.16541269999999,True
VIP Karvan Restaurant,'restaurant',4.3,1.0,Shaki,41.1923306,47.1774578,True
Ruslan ÅadlÄ±q Evi,'restaurant',4.4,1.7818181818181817,Shaki,41.19326389999999,47.17415070000001,True
Oil Service,'store',4.300743494423792,1.7818181818181817,Shaki,41.1918515,47.1658516,True
Ruzi sadliq sarayi -RUZI wedding hall,'restaurant',3.3,1.7818181818181817,Shaki,41.19220749999999,47.1659513,True
MÉ™dinÉ™ DÃ¶nÉ™r,'restaurant',5.0,1.7818181818181817,Shaki,41.1946333,47.1741841,True
SÉ™ma Restoran,'restaurant',5.0,1.7818181818181817,Shaki,41.19354039999999,47.1636006,True
Serin RestoranÄ±,'restaurant',4.7,1.0,Shaki,41.196427,47.1672015,True
YeganÉ™ Ã§ay evi,'restaurant',4.300743494423792,1.7818181818181817,Shaki,41.1940002,47.1633639,True
Aura Restoran pub,'restaurant',4.6,1.7818181818181817,Shaki,41.19513130000001,47.17737640000001,True
Ä°deal Pub&Restorant,'restaurant',4.3,1.7818181818181817,Shaki,41.19656250000001,47.1775625,True
LÉ™ziz DÃ¶nÉ™r,'restaurant',5.0,1.7818181818181817,Shaki,41.1978708,47.1756849,True
"Kafe ""DarÃ§Ä±n""",'restaurant',4.5,1.7818181818181817,Shaki,41.19850230000001,47.1674763,True
MÉ™iÅŸÉ™t kafe,'restaurant',4.300743494423792,1.7818181818181817,Shaki,41.1984226,47.1764723,True
Lollipop,'restaurant',5.0,1.7818181818181817,Shaki,41.1985592,47.1763769,True
LÉ™zzÉ™t,'restaurant',5.0,1.7818181818181817,Shaki,41.1995641,47.1755837,True
Qamburger - Fast Food,'restaurant',4.300743494423792,1.7818181818181817,Shaki,41.1991817,47.177157,True
Ä°stanbul,'restaurant',5.0,1.7818181818181817,Shaki,41.2004755,47.167815,True
Sheki House,'restaurant',4.6,1.7818181818181817,Shaki,41.19915229999999,47.17781009999999,True
GÃ¼nay ÅŸadlÄ±q evi,'restaurant',3.3,1.7818181818181817,Shaki,41.20067529999999,47.16790719999999,True
FiruzÉ™ SadlÄ±q SarayÄ±,'restaurant',3.8,1.7818181818181817,Shaki,41.1853324,47.1594539,True
Buta dÃ¶nÉ™r,'restaurant',4.300743494423792,1.7818181818181817,Shaki,41.20148409999999,47.1670248,True
Genclik RestoranÄ±,'restaurant',4.5,1.7818181818181817,Shaki,41.20183669999999,47.1677699,True
BiLLur Saray,'restaurant',4.2,1.7818181818181817,Shaki,41.2015738,47.1749399,True
Ù…Ø·Ø¹Ù… Ø¨ÙŠØªØ²Ø§ Ø´ÙˆØ±Ù…Ø§,'restaurant',5.0,1.7818181818181817,Shaki,41.2008662,47.17745040000001,True
DÃ¶nÉ™r,'restaurant',5.0,1.7818181818181817,Shaki,41.2020045,47.1752625,True
Eli Dayinin kafesi,'restaurant',4.300743494423792,1.7818181818181817,Shaki,41.2022567,47.166435,True
Bahar Kafesi,'restaurant',5.0,1.7818181818181817,Shaki,41.2018564,47.1767357,True
Ankara lahmacun,'restaurant',3.9,1.7818181818181817,Shaki,41.2015807,47.1777125,True
FiruzÉ™ hotel & restorant,'restaurant',4.0,1.7818181818181817,Shaki,41.20197689999999,47.1644652,True
ÅÉ™ki Qaqarin restoran,'restaurant',4.3,1.7818181818181817,Shaki,41.1974753,47.1571241,True
Qala Restaurant,'restaurant',3.8,1.7818181818181817,Shaki,41.19762710000001,47.1839666,True
DÃ¶ner Tantuni,'restaurant',4.2,1.7818181818181817,Shaki,41.20205499999999,47.178037,True
Eko Food,'restaurant',4.300743494423792,1.7818181818181817,Shaki,41.2021855,47.1780189,True
"Sahil-Otel,Restoran",'restaurant',4.6,1.7818181818181817,Shaki,41.20273249999999,47.1638731,True
Shebeke Restaurant,'restaurant',4.4,1.7818181818181817,Shaki,41.2030891,47.1782073,True
BadÉ™m AilÉ™vi RestoranÄ±,'restaurant',2.4,1.7818181818181817,Shaki,41.20251380000001,47.1800607,True
Grand ÅŸadlÄ±q sarayÄ±,'restaurant',4.300743494423792,1.7818181818181817,Shaki,41.202512,47.18010810000001,True
Macara restaurant,'restaurant',3.3,1.7818181818181817,Shaki,41.20427199999999,47.1743398,True
Shaurma,'restaurant',5.0,1.7818181818181817,Shaki,41.2027801,47.17955569999999,True
OsmanlÄ± ÅÉ™rbÉ™ti,'restaurant',5.0,1.7818181818181817,Shaki,41.2022201,47.1808116,True
Limon.Restaurant,'restaurant',3.3,1.7818181818181817,Shaki,41.2024265,47.18043549999999,True
Baba Muvahhid,'restaurant',4.0,1.7818181818181817,Shaki,41.20220999999999,47.180975,True
Qurcana Restaurant,'restaurant',4.5,1.7818181818181817,Shaki,41.2016468,47.1821464,True
Restoran Ã‡É™lÉ™bi Xan,'restaurant',3.6,2.0,Shaki,41.20323390000001,47.17956609999999,True
MinAli Boutique Hotel,'lodging',4.6,1.7818181818181817,Shaki,41.2018687,47.1824528,True
HalvaÃ§Ä± Mahmud,'restaurant',5.0,1.7818181818181817,Shaki,41.20118129999999,47.1836719,True
Ari Memmedin Pitixanasi,'restaurant',4.1,1.7818181818181817,Shaki,41.2046983,47.17753500000001,True
GÆLÆRSÆN GÃ–RÆRSÆN Åirniyyat,'restaurant',4.0,1.7818181818181817,Shaki,41.2008543,47.18527340000001,True
HalvaÃ§Ä± OÄŸlu Kamran Åirniyyat,'restaurant',5.0,1.7818181818181817,Shaki,41.2012209,47.18482459999999,True
Buta Restorant AilÉ™vi Ä°stirahÉ™t MÉ™rkÉ™zi,'restaurant',5.0,1.7818181818181817,Shaki,41.2054699,47.1662945,True
Ù…ØªØ¬Ø± Ø­Ù„ÙˆÙŠØ§Øª Ù…Ù† ØªØ±Ø§Ø« Ø´Ø§ÙƒÙŠ Ø§Ù„Ø§ØµÙ„ÙŠÙ‡,'restaurant',3.7,1.7818181818181817,Shaki,41.2002069,47.1862458,True
Sheki Restoran Ovchular Mekani ( Ğ ĞµÑÑ‚Ğ¾Ñ€Ğ°Ğ½ ĞÑ…Ğ¾Ñ‚Ğ½Ğ¸ĞºĞ¾Ğ² ),'restaurant',3.9,1.0,Shaki,41.2004782,47.18631829999999,True
"""LÉ™ziz"" restoranÄ±",'restaurant',4.6,1.7818181818181817,Shaki,41.2062097,47.1669406,True
"""Qafqaz"" Restorani",'restaurant',4.3,2.0,Shaki,41.2052002,47.18201189999999,True
KÃ¶prÃ¼ RestoranÄ±,'restaurant',4.2,1.7818181818181817,Shaki,41.2073261,47.1655329,True
SM BEER PUB,'restaurant',4.6,1.0,Shaki,41.2000116,47.190146,True
Cafe Sheki dishes Hostel-Cafe,'restaurant',4.0,1.7818181818181817,Shaki,41.2063425,47.18138570000001,True
Kafe Ã‡ayxana,'cafe',5.0,1.7818181818181817,Shaki,41.1938313,47.1747334,True
MÉ™dinÉ™ Kafe,'cafe',4.7,1.7818181818181817,Shaki,41.194599,47.1755468,True
"Kafe ""Ay iÅŸÄ±ÄŸÄ±""",'cafe',4.0,1.7818181818181817,Shaki,41.198166,47.17650339999999,True
NaxÄ±ÅŸ Kafe,'cafe',4.6,1.7818181818181817,Shaki,41.1979179,47.17788049999999,True
Vasmoy malÄ±ÅŸ,'cafe',4.300743494423792,1.7818181818181817,Shaki,41.1997278,47.167769,True
QIÅDAX UÅAQLARINA SALAMLAR,'cafe',4.300743494423792,1.7818181818181817,Shaki,41.1814291,47.1707019,True
QÉ™dim ÅŸÉ™ki Ã§ay evi,'cafe',1.0,1.7818181818181817,Shaki,41.2009084,47.17558469999999,True
Taxta Ã§ay evi,'cafe',3.5,1.7818181818181817,Shaki,41.2011396,47.1757782,True
Lezet cafe,'cafe',5.0,1.7818181818181817,Shaki,41.201423,47.1663062,True
MuÄŸan Åirniyyat Evi,'cafe',4.2,1.7818181818181817,Shaki,41.1974753,47.1571241,True
Ã‡ayxana Pansionat,'cafe',5.0,1.7818181818181817,Shaki,41.20212599999999,47.16402069999999,True
Lezzet Sirniiyat Kafe,'cafe',4.3,1.7818181818181817,Shaki,41.2023841,47.18025199999999,True
PapaqÃ§Ä±lar,'cafe',5.0,1.7818181818181817,Shaki,41.2038753,47.1777015,True
KÉ™rpic,'cafe',4.0,1.7818181818181817,Shaki,41.2051611,47.16736799999999,True
Cafe Central,'cafe',4.4,1.7818181818181817,Shaki,41.2040402,47.1790941,True
Milli Matbakh,'cafe',4.7,1.7818181818181817,Shaki,41.20635110000001,47.16817349999999,True
"Kafe ""GÉ™nclik""",'cafe',5.0,1.7818181818181817,Shaki,41.17590579999999,47.1617257,True
ÃœÃ§bucaq kafe,'cafe',4.300743494423792,1.7818181818181817,Shaki,41.17653789999999,47.18193340000001,True
ÅeÅŸ BeÅŸ club ÅÉ™ki,'cafe',5.0,1.7818181818181817,Shaki,41.2001803,47.18931389999999,True
Kafe,'cafe',5.0,1.7818181818181817,Shaki,41.20900299999999,47.16674179999999,True
VMF Kafe,'cafe',4.9,1.7818181818181817,Shaki,41.2003169,47.1917561,True
Ã‡ayÃ§Ä±,'cafe',4.300743494423792,1.7818181818181817,Shaki,41.20971000000001,47.1773662,True
Illy Espresso House,'cafe',4.7,1.0,Shaki,41.2007878,47.19328290000001,True
Ã‡ayxana,'cafe',4.300743494423792,1.7818181818181817,Shaki,41.2107096,47.1737916,True
Gorush Cafe,'cafe',4.7,1.0,Shaki,41.1695017,47.168324,True
Kafe Cokeler,'cafe',4.9,1.7818181818181817,Shaki,41.1687056,47.16829389999999,True
Coffeeshop Caravan,'cafe',4.6,1.7818181818181817,Shaki,41.1681435,47.1523232,True
Palma kafe,'cafe',4.3,1.7818181818181817,Shaki,41.1657249,47.182434,True
Panorama Ã‡ay evi,'cafe',3.0,1.7818181818181817,Shaki,41.21827469999999,47.1647475,True
""" YaÅŸÄ±l ada"" kafesi",'cafe',4.3,1.7818181818181817,Shaki,41.16463630000001,47.182726,True
Kafe 666,'cafe',2.0,1.7818181818181817,Shaki,41.163719,47.1553434,True
Kafe ZirvÉ™,'cafe',4.0,1.7818181818181817,Shaki,41.1607256,47.1633001,True
"""Vaqon"" kafesi",'cafe',4.300743494423792,1.7818181818181817,Shaki,41.2326082,47.1639278,True
Wave,'lodging',4.4,1.7818181818181817,Lankaran,38.7578211,48.8592895,True
Khazar Palace Hotel,'gym',4.1,1.7818181818181817,Lankaran,38.71086879999999,48.8672981,True
Titanik Restoran,'restaurant',3.8,1.7818181818181817,Lankaran,38.7304451,48.8649059,True
MÉ™rkÉ™z DÃ¶nÉ™r,'restaurant',4.300743494423792,1.7818181818181817,Lankaran,38.7531508,48.8507402,True
LÉ™ziz DÃ¶nÉ™r,'restaurant',4.300743494423792,1.7818181818181817,Lankaran,38.7535004,48.8510259,True
Lankon CÃ¡fe (Dosa Mall),'restaurant',4.5,1.7818181818181817,Lankaran,38.75366449999999,48.85145809999999,True
Aliahmad Sweets House (Dosa Mall),'restaurant',4.300743494423792,1.7818181818181817,Lankaran,38.7537549,48.8518335,True
DÃ¶nerchi Cafe,'restaurant',5.0,1.7818181818181817,Lankaran,38.7532969,48.8527774,True
Qardaslar lahmacun,'restaurant',2.9,1.7818181818181817,Lankaran,38.753271,48.85316100000001,True
KFC (Dosa Mall),'restaurant',3.2,2.0,Lankaran,38.7538023,48.8525717,True
Bazar DÃ¶nÉ™r,'restaurant',4.300743494423792,1.7818181818181817,Lankaran,38.7539101,48.8495848,True
Mangal DÃ¶ner Shop,'restaurant',4.300743494423792,1.7818181818181817,Lankaran,38.7545462,48.8500926,True
42 Doner,'restaurant',4.0,1.7818181818181817,Lankaran,38.7533669,48.8481191,True
Avto DÃ¶ner Shop,'restaurant',4.300743494423792,1.7818181818181817,Lankaran,38.7548665,48.8518399,True
MonaqÄ±zÉ™,'restaurant',4.300743494423792,1.7818181818181817,Lankaran,38.7528845,48.84746479999999,True
Borani,'restaurant',4.300743494423792,1.7818181818181817,Lankaran,38.7528845,48.84746479999999,True
BalÄ±q gÃ¶lÃ¼. Tutmaq olar,'restaurant',4.300743494423792,1.7818181818181817,Lankaran,38.7528845,48.84746479999999,True
Istirahet,'restaurant',4.300743494423792,1.7818181818181817,Lankaran,38.7528845,48.84746479999999,True
SimiÅŸtor,'restaurant',4.300743494423792,1.7818181818181817,Lankaran,38.7528845,48.84746479999999,True
Beseru,'restaurant',4.300743494423792,1.7818181818181817,Lankaran,38.7528845,48.84746479999999,True
Kilo Kabab n1,'restaurant',4.300743494423792,1.7818181818181817,Lankaran,38.7528845,48.84746479999999,True
Bulvar LÉ™nkÉ™ran,'restaurant',4.300743494423792,1.7818181818181817,Lankaran,38.7528845,48.84746479999999,True
Ruzi DÃ¶nÉ™r,'restaurant',4.300743494423792,1.7818181818181817,Lankaran,38.7528845,48.8474647,True
Lankon DÃ¶ner Shop,'restaurant',4.300743494423792,1.7818181818181817,Lankaran,38.75227539999999,48.8472727,True
KÃ¶z DÃ¶nÉ™r,'restaurant',3.8,1.7818181818181817,Lankaran,38.7549801,48.852383,True
"TÃ¼rk dÃ¶nÉ™ri, ÅŸawarma Ù…Ø·Ø¹Ù…",'restaurant',5.0,1.7818181818181817,Lankaran,38.7553842,48.850717,True
Luxe Lankaran Restaurant & Cafe,'restaurant',5.0,1.7818181818181817,Lankaran,38.756301,48.8553181,True
ocaq restoran,'restaurant',4.3,1.7818181818181817,Lankaran,38.756775,48.8551988,True
Qala Restaurant & Cafe,'restaurant',4.0,1.7818181818181817,Lankaran,38.7577944,48.8521229,True
Tomboy Ã‡ay Evi,'restaurant',4.300743494423792,1.7818181818181817,Lankaran,38.75776949999999,48.84984839999999,True
Donerchi,'restaurant',5.0,1.7818181818181817,Lankaran,38.7574811,48.8543045,True
Aziz Sweets House,'restaurant',4.300743494423792,1.7818181818181817,Lankaran,38.7577351,48.85407619999999,True
LÄ°ON,'restaurant',4.0,1.7818181818181817,Lankaran,38.7579402,48.85361880000001,True
LÆNKÆRAN PÄ°VÆSÄ°,'bar',4.300743494423792,1.7818181818181817,Lankaran,38.74900109999999,48.858131,True
BoranÄ± Restoran (LÉ™nkÉ™ran FilialÄ±),'restaurant',4.3,2.0,Lankaran,38.7576905,48.8546486,True
A'love restaurant,'restaurant',4.7,1.7818181818181817,Lankaran,38.7582398,48.8532624,True
BalÄ±k Ekmek Lenkeran (F.MÉ™mmÉ™dov kÃ¼Ã§.),'restaurant',5.0,1.7818181818181817,Lankaran,38.755418,48.8585012,True
Eti Sweets House,'restaurant',5.0,1.7818181818181817,Lankaran,38.757379,48.85672,True
DarÃ§Ä±n House,'restaurant',4.2,1.7818181818181817,Lankaran,38.7584273,48.8556581,True
Uzbek Restaurant,'restaurant',4.8,1.7818181818181817,Lankaran,38.758245,48.85685889999999,True
Zeytun,'restaurant',4.4,1.7818181818181817,Lankaran,38.7582512,48.8573206,True
Taksim Corner Cafe Lounge,'restaurant',4.1,1.7818181818181817,Lankaran,38.7589983,48.8569291,True
Lankaran | McBurger â€¢ Sushi â€¢ Chiykofte,'restaurant',4.300743494423792,1.7818181818181817,Lankaran,38.7601863,48.8541612,True
Sushi Lankaran,'restaurant',5.0,1.7818181818181817,Lankaran,38.7598527,48.8555759,True
DalÄŸa Restaurant & Cafe,'restaurant',4.300743494423792,1.7818181818181817,Lankaran,38.7575795,48.85963479999999,True
Dost mÉ™kani,'restaurant',4.300743494423792,1.7818181818181817,Lankaran,38.7566495,48.8605276,True
Mirvarim AilÉ™vi Restoran,'restaurant',3.4,1.7818181818181817,Lankaran,38.75989659999999,48.85612769999999,True
My Garden,'restaurant',5.0,1.7818181818181817,Lankaran,38.7605241,48.85408619999999,True
ÅirinlÉ™r ÅŸirniyyat evi & Restoran,'restaurant',4.4,1.7818181818181817,Lankaran,38.75613209999999,48.840758,True
Ğ¢Ğ°Ğ½ĞºĞ¾Ğ²Ñ‹Ğ¹ ĞŸĞ¾Ğ»Ğº,'restaurant',3.0,1.7818181818181817,Lankaran,38.7568707,48.8611096,True
Mayak | Restaurant â€¢ Cafe â€¢ Bar,'restaurant',4.300743494423792,1.7818181818181817,Lankaran,38.7613364,48.8542029,True
ÅÄ±rdanÃ§Ä±lar LÉ™nkÉ™ran,'restaurant',5.0,1.7818181818181817,Lankaran,38.7596897,48.8430121,True
Talysh DÃ¶ner House,'restaurant',4.300743494423792,1.7818181818181817,Lankaran,38.7600335,48.84299679999999,True
DÉ™niz Restoran,'restaurant',3.6,1.7818181818181817,Lankaran,38.7620375,48.85620309999999,True
Delfin,'restaurant',3.4,1.7818181818181817,Lankaran,38.7627808,48.85542,True
ĞšĞ°Ñ„Ğµ Ğ°Ğ²Ñ‚Ğ¾Ğ±Ğ°Ğ·Ğ°,'restaurant',5.0,1.7818181818181817,Lankaran,38.7434447,48.84099639999999,True
Khan DÃ¶ner Shop,'restaurant',4.300743494423792,1.7818181818181817,Lankaran,38.7621017,48.8423948,True
Konfort restoran,'restaurant',3.6,1.7818181818181817,Lankaran,38.7549484,48.8342022,True
"Nehre Restaurant , Lenkeran",'restaurant',4.1,1.7818181818181817,Lankaran,38.7559371,48.8342929,True
ÅÉ™ms ÅadlÄ±q SarayÄ±,'restaurant',4.3,1.7818181818181817,Lankaran,38.7541113,48.83346579999999,True
AS DONER,'cafe',5.0,1.7818181818181817,Lankaran,38.7577604,48.8505484,True
Cafeland (Dosa Mall),'cafe',5.0,1.7818181818181817,Lankaran,38.7536322,48.8514339,True
FinCan Coffee & Dessert by Lankon (Dosa Mall),'cafe',3.0,1.7818181818181817,Lankaran,38.7535546,48.8520437,True
Dosa Gutab House & Cocktail,'cafe',4.300743494423792,1.7818181818181817,Lankaran,38.7547144,48.8516595,True
Bagcabag,'cafe',4.300743494423792,1.7818181818181817,Lankaran,38.7528845,48.84746479999999,True
CayXana,'cafe',5.0,1.7818181818181817,Lankaran,38.7531139,48.84735370000001,True
Sweet Waffle,'cafe',4.6,1.7818181818181817,Lankaran,38.7562211,48.8554775,True
Paus Brewing,'cafe',5.0,1.7818181818181817,Lankaran,38.7569871,48.85464319999999,True
Bulvar Tea House,'cafe',4.300743494423792,1.7818181818181817,Lankaran,38.7562502,48.8560376,True
Khan Playstation Cafe,'cafe',4.300743494423792,1.7818181818181817,Lankaran,38.75738,48.8543858,True
QUTABÃ‡I LÆNKÆRAN,'cafe',3.0,1.7818181818181817,Lankaran,38.75822369999999,48.85432999999999,True
PÃœRRÆNGÄ°,'cafe',4.300743494423792,1.7818181818181817,Lankaran,38.7584695,48.8536479,True
Ã‡ay Evi,'cafe',4.1,1.7818181818181817,Lankaran,38.75857189999999,48.85400850000001,True
Chanlibel Tea House,'cafe',4.300743494423792,1.7818181818181817,Lankaran,38.7568609,48.84339629999999,True
Tebriz sÃ¼frÉ™si,'cafe',5.0,1.7818181818181817,Lankaran,38.756889,48.84304600000001,True
Sutemurdov Tea House,'cafe',4.300743494423792,1.7818181818181817,Lankaran,38.7463744,48.8587266,True
Cayxana,'cafe',4.0,1.7818181818181817,Lankaran,38.758977,48.8570241,True
LÉ™nkÉ™ran 042 Ã‡ay Evi,'cafe',5.0,1.7818181818181817,Lankaran,38.75902009999999,48.85697200000001,True
Lighthouse Coffee,'cafe',4.9,1.7818181818181817,Lankaran,38.7596228,48.8557922,True
Dostum Cay Evi,'cafe',4.3,1.7818181818181817,Lankaran,38.7586577,48.8577984,True
Lankaran Tea House,'cafe',4.300743494423792,1.7818181818181817,Lankaran,38.7595241,48.8572908,True
Nane Tea House & Cafe,'cafe',4.300743494423792,1.7818181818181817,Lankaran,38.76172389999999,48.8542353,True
BLACK Playstation Cafe,'cafe',3.4,1.7818181818181817,Lankaran,38.7611985,48.8424935,True
Monalisa Tea Garden,'cafe',4.300743494423792,1.7818181818181817,Lankaran,38.764245,48.854619,True
Winners,'cafe',2.7,1.7818181818181817,Lankaran,38.76205819999999,48.8412542,True
Narva,'cafe',4.300743494423792,1.7818181818181817,Lankaran,38.7651577,48.85244299999999,True
"Bu gÃ¼n pullu, sabah pulsuz",'cafe',4.0,1.7818181818181817,Lankaran,38.7556056,48.83441529999999,True
Albali Cafe,'cafe',4.3,1.7818181818181817,Lankaran,38.76333319999999,48.84015419999999,True
Lenkeran Cayxanasi,'cafe',4.300743494423792,1.7818181818181817,Lankaran,38.7596893,48.8350693,True
Khan Tea House,'cafe',4.300743494423792,1.7818181818181817,Lankaran,38.7668937,48.8518419,True
Baghchabagh,'cafe',4.300743494423792,1.7818181818181817,Lankaran,38.74653299999999,48.8330357,True
BaÄÃ§abaÄ180,'cafe',5.0,1.7818181818181817,Lankaran,38.7464788,48.8327704,True
555 cay evi,'cafe',3.0,1.7818181818181817,Lankaran,38.7605076,48.8346174,True
Chayka Cafe&Bistro,'cafe',4.300743494423792,1.7818181818181817,Lankaran,38.746607,48.83238149999999,True
RÃ¶ya kafe,'cafe',5.0,1.7818181818181817,Lankaran,38.7409369,48.8656589,True
Rvarud SÃ¼frÉ™si,'cafe',4.3,1.7818181818181817,Lankaran,38.7640124,48.83475039999999,True
"""OLD"" Ã§ay evi",'cafe',5.0,1.7818181818181817,Lankaran,38.76694919999999,48.83733420000001,True
Bookland Lankaran Cafe,'cafe',4.9,1.7818181818181817,Lankaran,38.7672524,48.8371954,True
MÉ™kan,'cafe',4.300743494423792,1.7818181818181817,Lankaran,38.7348928,48.8410169,True
Digah Tea House,'cafe',4.300743494423792,1.7818181818181817,Lankaran,38.7652644,48.8335864,True
Ã‡aynik Ã‡ay Evi,'cafe',4.300743494423792,1.7818181818181817,Lankaran,38.7696879,48.84124369999999,True
Titanic Tea Garden,'cafe',4.300743494423792,1.7818181818181817,Lankaran,38.73086139999999,48.86539810000001,True
GÉ™Bura Cafesi,'cafe',4.0,1.7818181818181817,Lankaran,38.7739199,48.83380729999999,True
Kofe Kub - Sahil Boulevard,'cafe',4.300743494423792,1.7818181818181817,Lankaran,38.7826187,48.8422416,True
Boulevard Tea & Gutab House,'cafe',4.300743494423792,1.7818181818181817,Lankaran,38.7838936,48.84154559999999,True
ATP,'restaurant',5.0,1.7818181818181817,Lankaran,38.7789375,48.82656249999999,True
Makhmari Tea House,'cafe',4.300743494423792,1.7818181818181817,Lankaran,38.7862482,48.8403129,True
Ã‡ayxana KÉ™ndimiz,'cafe',3.7,1.7818181818181817,Lankaran,38.7371705,48.81006519999999,True
Limon Kafe,'cafe',4.300743494423792,1.7818181818181817,Lankaran,38.7111732,48.83166469999999,True
Saat Meydani Nakhchivan,'department_store',4.7,1.7818181818181817,Nakhchivan,39.1994054,45.417019,True
DÉ™yirmanÃ§Ä± Kafe. TÃ¼rk LokantasÄ±,'restaurant',4.1,2.0,Nakhchivan,39.21371709999999,45.410262,True
Molt Burger,'restaurant',4.1,1.7818181818181817,Nakhchivan,39.2090458,45.4109785,True
Demae Sushi,'restaurant',5.0,1.7818181818181817,Nakhchivan,39.21119679999999,45.4116738,True
Melisa Kafe,'restaurant',3.8,1.7818181818181817,Nakhchivan,39.2096585,45.40973160000001,True
Zumrud Restoran,'restaurant',3.8,2.0,Nakhchivan,39.2101889,45.4095371,True
Kumpir,'restaurant',4.5,1.7818181818181817,Nakhchivan,39.2095542,45.408199,True
Onur cafe,'restaurant',5.0,1.7818181818181817,Nakhchivan,39.20877869999999,45.408019,True
Ä°besta Restaurants NaxÃ§Ä±van,'restaurant',4.5,1.7818181818181817,Nakhchivan,39.20867579999999,45.4077348,True
Sevgilim cay evi,'restaurant',5.0,1.7818181818181817,Nakhchivan,39.2072758,45.4081145,True
Alibaba kafe,'restaurant',3.4,1.7818181818181817,Nakhchivan,39.2114903,45.40846759999999,True
Ailevi Kafe,'restaurant',4.2,1.7818181818181817,Nakhchivan,39.2114654,45.40807230000001,True
Local restaurant,'restaurant',3.8,1.7818181818181817,Nakhchivan,39.2122305,45.4085438,True
Dost QapÄ±sÄ±,'restaurant',4.300743494423792,1.7818181818181817,Nakhchivan,39.21233119999999,45.40851180000001,True
QÉ™dim DÃ¼nya,'restaurant',4.8,1.7818181818181817,Nakhchivan,39.2092248,45.4064908,True
Eyvan Restoran,'restaurant',4.0,1.7818181818181817,Nakhchivan,39.2087078,45.4064026,True
Milli Yemekler,'restaurant',4.7,1.7818181818181817,Nakhchivan,39.21013249999999,45.40632929999999,True
Moon Cafe,'restaurant',4.300743494423792,1.7818181818181817,Nakhchivan,39.20462759999999,45.4089948,True
Tochka,'restaurant',5.0,1.7818181818181817,Nakhchivan,39.2045903,45.4090456,True
Sadiq Kafe,'restaurant',5.0,1.7818181818181817,Nakhchivan,39.2144021,45.40833659999999,True
Tesla Lounge,'restaurant',5.0,1.7818181818181817,Nakhchivan,39.2086636,45.4043344,True
Master Chef NaxÃ§Ä±van,'restaurant',5.0,1.7818181818181817,Nakhchivan,39.21324129999999,45.4043864,True
Aquamarine Fish House,'restaurant',3.5,1.7818181818181817,Nakhchivan,39.2014619,45.4126014,True
qaradeniz yemekleri,'restaurant',4.5,1.7818181818181817,Nakhchivan,39.2131633,45.4041724,True
Araz ASC (Direktor ve tesisÃ§i QasÄ±mova QonÃ§a MÃ¼seyib qÄ±zÄ±),'restaurant',5.0,1.7818181818181817,Nakhchivan,39.2149373,45.4057458,True
Kassab DÃ¶ner,'restaurant',5.0,1.7818181818181817,Nakhchivan,39.21614869999999,45.40781519999999,True
Danyeri Opera Restoran,'restaurant',5.0,1.7818181818181817,Nakhchivan,39.21258359999999,45.4218916,True
YaÅŸarOÄŸullarÄ± Ã‡inar Kafe,'restaurant',4.2,1.7818181818181817,Nakhchivan,39.21719,45.4111647,True
Tortila,'restaurant',4.300743494423792,1.7818181818181817,Nakhchivan,39.2171878,45.40884330000001,True
Pub 011,'restaurant',4.0,1.7818181818181817,Nakhchivan,39.20091259999999,45.4082269,True
LÉ™blÉ™bi Pub&Lounge,'restaurant',5.0,1.7818181818181817,Nakhchivan,39.20091259999999,45.4082269,True
DÃ¶nerci,'restaurant',4.300743494423792,1.7818181818181817,Nakhchivan,39.20091259999999,45.4082269,True
XÉ™yal ÅadlÄ±q Evi,'restaurant',4.300743494423792,1.7818181818181817,Nakhchivan,39.20091259999999,45.4082269,True
4 FÆSÄ°L Restaurant,'restaurant',4.3,1.7818181818181817,Nakhchivan,39.2009125,45.4082268,True
Batumi Restourant Nakhchivan,'restaurant',3.9,1.7818181818181817,Nakhchivan,39.2007662,45.4165779,True
SushiNaxcivan,'restaurant',5.0,1.7818181818181817,Nakhchivan,39.2171204,45.407584,True
Lahmacun DÃ¶nÉ™r,'restaurant',5.0,1.7818181818181817,Nakhchivan,39.2066632,45.42371190000001,True
So'CÄ°ETE,'restaurant',5.0,1.7818181818181817,Nakhchivan,39.2059285,45.4235818,True
Pizza House,'restaurant',3.1,1.7818181818181817,Nakhchivan,39.2176246,45.405816,True
Chef M,'restaurant',2.6,1.7818181818181817,Nakhchivan,39.1997196,45.4174885,True
Milli YemÉ™klÉ™r,'restaurant',4.4,1.7818181818181817,Nakhchivan,39.19950350000001,45.4082336,True
Jasmine Restoran Naxcivan,'restaurant',4.1,1.7818181818181817,Nakhchivan,39.199136,45.4176312,True
BATUMÄ° RESTORAN,'restaurant',1.0,1.7818181818181817,Nakhchivan,39.199163,45.417752,True
KÉ™klikotu Restoran,'restaurant',3.7,1.7818181818181817,Nakhchivan,39.2193024,45.4074222,True
17 ci É™sr kafe,'restaurant',3.0,1.7818181818181817,Nakhchivan,39.21748729999999,45.4024194,True
Kafe 57,'restaurant',4.300743494423792,1.7818181818181817,Nakhchivan,39.2064406,45.427127,True
HOPE,'restaurant',2.3,1.7818181818181817,Nakhchivan,39.22080390000001,45.4055822,True
XÉ™lil Ä°brahim sÃ¼frÉ™si,'restaurant',5.0,1.7818181818181817,Nakhchivan,39.2192477,45.40212340000001,True
Ã‡iÄŸkÃ¶fteci cengiz efendi,'restaurant',4.300743494423792,1.7818181818181817,Nakhchivan,39.219341,45.40193559999999,True
Gelin Gaya,'restaurant',4.3,1.7818181818181817,Nakhchivan,39.2003317,45.4256974,True
NahÃ§Ä±van Karadeniz yemekleri,'restaurant',4.9,1.7818181818181817,Nakhchivan,39.1998199,45.4257754,True
Nakhchivan Palace Hotel,'lodging',4.4,1.7818181818181817,Nakhchivan,39.21943900000001,45.4003646,True
Terrace lounge,'restaurant',5.0,1.7818181818181817,Nakhchivan,39.209897,45.4311605,True
Mehrunun DÃ¶nÉ™ri,'restaurant',5.0,1.7818181818181817,Nakhchivan,39.1958776,45.4050316,True
ÅÉ™rq SÃ¼frÉ™si restoran,'restaurant',4.2,1.7818181818181817,Nakhchivan,39.2098519,45.4313482,True
NUH YURDU RESTORANI,'restaurant',4.0,1.7818181818181817,Nakhchivan,39.19456400000001,45.41159740000001,True
Ä°pÉ™k yolu restoranÄ±,'restaurant',4.8,1.7818181818181817,Nakhchivan,39.2086229,45.43198820000001,True
Banu restorant,'restaurant',4.300743494423792,1.7818181818181817,Nakhchivan,39.2029579,45.4305787,True
Ã‡Ä±raÄŸan Saray,'restaurant',4.0,1.7818181818181817,Nakhchivan,39.19367069999999,45.40984350000001,True
Hesko sÃ¶yÃ¼dlÃ¼k aile restorani,'restaurant',3.5,1.7818181818181817,Nakhchivan,39.2086097,45.4331341,True
AYXAN OYUN ZALI,'cafe',2.8,1.7818181818181817,Nakhchivan,39.2112532,45.40807969999999,True
Bistro Coffee Shop,'cafe',5.0,1.7818181818181817,Nakhchivan,39.21189469999999,45.40846459999999,True
Kenan Oyun ZalÄ±,'cafe',4.7,1.0,Nakhchivan,39.2115407,45.40808699999999,True
COFFEE CINEMA,'cafe',4.7,1.7818181818181817,Nakhchivan,39.2063041,45.4082001,True
Cafevania,'cafe',2.8,1.7818181818181817,Nakhchivan,39.2122627,45.4084009,True
MÃ¶minÉ™ XatÄ±n Kitab kafe,'cafe',4.8,1.7818181818181817,Nakhchivan,39.212544,45.408751,True
BAZAR GÃ–LÃœ Kafesi,'cafe',3.9,1.7818181818181817,Nakhchivan,39.2076982,45.405721,True
Sadiq Sirniyyat,'cafe',3.4,1.7818181818181817,Nakhchivan,39.2147185,45.4083605,True
YULET OYUN ZALI,'cafe',5.0,1.7818181818181817,Nakhchivan,39.2158908,45.4077874,True
ipok yolu ailavi restoran,'cafe',4.300743494423792,1.7818181818181817,Nakhchivan,39.2164143,45.408191,True
BayatÄ± Kafe,'cafe',5.0,1.7818181818181817,Nakhchivan,39.20531199999999,45.4220416,True
MORE COFFEE,'cafe',5.0,1.7818181818181817,Nakhchivan,39.20536269999999,45.42299140000001,True
QÄ±zÄ±l ay,'cafe',3.8,1.7818181818181817,Nakhchivan,39.20091259999999,45.4082269,True
deÄŸilim kafe,'cafe',5.0,1.7818181818181817,Nakhchivan,39.20091259999999,45.4082269,True
Kafe 337,'cafe',4.0,1.7818181818181817,Nakhchivan,39.21751769999999,45.4069672,True
Chocha,'cafe',4.2,1.7818181818181817,Nakhchivan,39.2000372,45.4171421,True
NaxÃ§Ä±van,'cafe',4.300743494423792,1.7818181818181817,Nakhchivan,39.19983879999999,45.4078214,True
Ã‡ayxana,'cafe',4.300743494423792,1.7818181818181817,Nakhchivan,39.19435670000001,45.4081471,True
FÆRDA ÅÄ°RNÄ°YYAT,'cafe',4.0,1.7818181818181817,Nakhchivan,39.1912604,45.4102305,True
MADO,'cafe',4.0,1.7818181818181817,Nakhchivan,39.19445929999999,45.430991,True
Yanacaq Doldurma MÉ™ntÉ™qÉ™si,'gas_station',4.4,1.7818181818181817,Nakhchivan,39.2248835,45.39208259999999,True
Maqemin kafesi,'cafe',4.300743494423792,1.7818181818181817,Nakhchivan,39.1903937,45.44619050000001,True
Ã‡ayxana,'cafe',4.300743494423792,1.7818181818181817,Nakhchivan,39.250406,45.4307598,True
